Bedrooms,Shower Max,Sink Max,ClothesWasher Max,Dishwasher Max,Bath Max,Shower Sum,Sink Sum,ClothesWasher Sum,Dishwasher Sum,Bath Sum,On-time Fraction
1,4.744,3.286,4.676,2.854,7.291,19.10272055,16.68882466,3.297884932,3.008693151,4.566756164,0.026855594
2,4.580,3.275,4.490,2.650,6.638,22.81405205,20.81769863,3.600780822,3.664235616,5.94980274,0.03334532
3,4.079,3.274,5.038,2.820,7.031,26.24088767,24.29216986,4.556512329,4.402717808,7.238115068,0.039665144
4,4.308,3.270,5.017,2.854,7.778,30.64040822,29.01383014,5.427832877,5.173021918,8.160882192,0.046178653
5,4.666,3.331,4.757,2.859,6.775,38.98717534,32.21229589,6.333936986,5.936084932,9.739778082,0.05286758
